{
    "accuracy": 0.9317367720806468,
    "recall": 0.7236111111111111,
    "precision": 0.9571341090018372,
    "roc": 0.9469180511151014
}